{
"variants":{
"axis=x":

[{"model":"minecraft:block/infested/deepslate/1","x":90,"y":90},
{"model":"minecraft:block/infested/deepslate/2","x":90,"y":90},
{"model":"minecraft:block/infested/deepslate/3","x":90,"y":90},
{"model":"minecraft:block/infested/deepslate/4","x":90,"y":90},
{"model":"minecraft:block/infested/deepslate/5","x":90,"y":90},

{"model":"minecraft:block/infested/deepslate_mirrored/1","x":90,"y":90},
{"model":"minecraft:block/infested/deepslate_mirrored/2","x":90,"y":90},
{"model":"minecraft:block/infested/deepslate_mirrored/3","x":90,"y":90},
{"model":"minecraft:block/infested/deepslate_mirrored/4","x":90,"y":90},
{"model":"minecraft:block/infested/deepslate_mirrored/5","x":90,"y":90},

{"model":"minecraft:block/infested/deepslate/1","y":90,"x":90},
{"model":"minecraft:block/infested/deepslate/2","y":90,"x":90},
{"model":"minecraft:block/infested/deepslate/3","y":90,"x":90},
{"model":"minecraft:block/infested/deepslate/4","y":90,"x":90},
{"model":"minecraft:block/infested/deepslate/5","y":90,"x":90},

{"model":"minecraft:block/infested/deepslate_mirrored/1","y":90,"x":90},
{"model":"minecraft:block/infested/deepslate_mirrored/2","y":90,"x":90},
{"model":"minecraft:block/infested/deepslate_mirrored/3","y":90,"x":90},
{"model":"minecraft:block/infested/deepslate_mirrored/4","y":90,"x":90},
{"model":"minecraft:block/infested/deepslate_mirrored/5","y":90,"x":90}],


"axis=y":

[{"model":"minecraft:block/infested/deepslate/1"},
{"model":"minecraft:block/infested/deepslate/2"},
{"model":"minecraft:block/infested/deepslate/3"},
{"model":"minecraft:block/infested/deepslate/4"},
{"model":"minecraft:block/infested/deepslate/5"},

{"model":"minecraft:block/infested/deepslate_mirrored/1"},
{"model":"minecraft:block/infested/deepslate_mirrored/2"},
{"model":"minecraft:block/infested/deepslate_mirrored/3"},
{"model":"minecraft:block/infested/deepslate_mirrored/4"},
{"model":"minecraft:block/infested/deepslate_mirrored/5"},

{"model":"minecraft:block/infested/deepslate/1","y":180},
{"model":"minecraft:block/infested/deepslate/2","y":180},
{"model":"minecraft:block/infested/deepslate/3","y":180},
{"model":"minecraft:block/infested/deepslate/4","y":180},
{"model":"minecraft:block/infested/deepslate/5","y":180},

{"model":"minecraft:block/infested/deepslate_mirrored/1","y":180},
{"model":"minecraft:block/infested/deepslate_mirrored/2","y":180},
{"model":"minecraft:block/infested/deepslate_mirrored/3","y":180},
{"model":"minecraft:block/infested/deepslate_mirrored/4","y":180},
{"model":"minecraft:block/infested/deepslate_mirrored/5","y":180}],


"axis=z":

[{"model":"minecraft:block/infested/deepslate/1","x":90},
{"model":"minecraft:block/infested/deepslate/2","x":90},
{"model":"minecraft:block/infested/deepslate/3","x":90},
{"model":"minecraft:block/infested/deepslate/4","x":90},
{"model":"minecraft:block/infested/deepslate/5","x":90},

{"model":"minecraft:block/infested/deepslate_mirrored/1","x":90},
{"model":"minecraft:block/infested/deepslate_mirrored/2","x":90},
{"model":"minecraft:block/infested/deepslate_mirrored/3","x":90},
{"model":"minecraft:block/infested/deepslate_mirrored/4","x":90},
{"model":"minecraft:block/infested/deepslate_mirrored/5","x":90},

{"model":"minecraft:block/infested/deepslate/1","y":180,"x":90},
{"model":"minecraft:block/infested/deepslate/2","y":180,"x":90},
{"model":"minecraft:block/infested/deepslate/3","y":180,"x":90},
{"model":"minecraft:block/infested/deepslate/4","y":180,"x":90},
{"model":"minecraft:block/infested/deepslate/5","y":180,"x":90},

{"model":"minecraft:block/infested/deepslate_mirrored/1","y":180,"x":90},
{"model":"minecraft:block/infested/deepslate_mirrored/2","y":180,"x":90},
{"model":"minecraft:block/infested/deepslate_mirrored/3","y":180,"x":90},
{"model":"minecraft:block/infested/deepslate_mirrored/4","y":180,"x":90},
{"model":"minecraft:block/infested/deepslate_mirrored/5","y":180,"x":90}]
}
}